{"clusterStart":946684800000,"clusterSize":5184000000,"configurations":{"current":[[53847097,2.5934363553113,20,51.868727106227,134.79707381313,false,[[167369,1,"aa760bb43f07c2c561c99928b1dea51513fd4720",null,1682797324000]],1682797324000,78806,1682804415441,"374",56],[53850133,2.573331043956,20,51.466620879121,132.91146771517,false,[[167371,1,"347a3c86979f5d5873d85587fa1d7e78b75106ec",null,1682816530000]],1682816530000,78808,1682817217647,"375",56],[53851679,2.5004830586081,20,50.009661172161,125.67893162603,false,[[167372,1,"b6e0a72bbf0a1a33ab4d3c6d6f58897dd2ba9c94",null,1682829570000]],1682829570000,78809,1682830283618,"376",56],[53854715,2.4371016483516,20,48.742032967033,118.99661450157,false,[[167373,1,"ab0f8a142a9441282025b9a77c4c37cf453a794b",null,1682842826000]],1682842826000,78811,1682845317170,"377",56],[53857752,2.5293956043956,20,50.587912087912,128.29029566092,false,[[167374,1,"2c273978ff638f8499aeae96669dab48628f472f",null,1682867280000]],1682867280000,78813,1682867706708,"378",56],[53859299,2.4616758241758,20,49.233516483517,121.51001728354,false,[[167375,1,"d1a6662b8718a56adebfca3e9e79871810a0353d",null,1682874164000]],1682874164000,78814,1682879005563,"379",56],[53862336,2.4337568681319,20,48.675137362637,118.70890960859,false,[[167376,1,"aad6f77b647edba28f9e192346076d2922841a0d",null,1682886049000]],1682886049000,78816,1682890264656,"380",56],[53863882,2.4523068842922,20,49.046137685844,120.52253685911,false,[[167377,1,"231e2671c75e017d86898fcdb1f3e9c1c88de9ac",null,1682894726000]],1682894726000,78817,1682901492350,"381",56],[53866917,2.4818721719457,20,49.637443438914,123.53130630515,false,[[167378,1,"7a82d30fc628c316d55262d810c6e1becca57529",null,1682904779000]],1682904779000,78819,1682912731933,"382",56],[53868463,2.5098441876751,20,50.196883753501,126.32798834525,false,[[167379,1,"f8114a2611771cb3a17bf3a58ac91d789bf220a5",null,1682921733000]],1682921733000,78820,1682924023264,"383",56],[53871499,2.5012957875458,20,50.025915750916,125.36201115086,false,[[167380,1,"35e9da7ba14a3fd154f864612ebc41bab9944431",null,1682949169000]],1682949169000,78822,1682949625155,"384",56],[53873046,2.4631707875458,20,49.263415750916,121.60154593137,false,[[167381,1,"9e4f68885457c1b436d6e9b0879b4988ab979199",null,1682959319000]],1682959319000,78823,1682960890035,"385",56],[53876082,2.4388919413919,20,48.777838827839,119.22501932972,false,[[167383,1,"3c196c2fc5f5f77809f7cfaea483fdd9e0af1559",null,1682965932000]],1682965932000,78825,1682972229333,"386",56],[53877628,2.5294093406593,20,50.588186813187,128.45498779418,false,[[167384,1,"d7c47eb0fa1b4c91acc3bfe414f3dfaab0a174e0",null,1682979316000]],1682979316000,78826,1682983499163,"387",56],[53880665,2.4909432234432,20,49.818864468865,124.43384479112,false,[[167386,1,"51833439139b0bb53857d4342ce05b61dfde1683",null,1682993566000]],1682993566000,78828,1682994895805,"388",56],[53882212,2.4362820512821,20,48.725641025641,119.03412915191,false,[[167387,1,"052608b03fab861cf29e5e402e04fd67b3c1ba5f",null,1683007999000]],1683007999000,78829,1683009931604,"389",56],[53885249,2.5825297619048,20,51.650595238095,134.0104309627,false,[[167388,1,"125d5fe589bd7f8519db69abc80735a1b55280aa",null,1683019220000]],1683019220000,78831,1683021213728,"390",56],[53886795,2.5895215201465,20,51.79043040293,134.51231371974,false,[[167389,1,"6de3806237c93f2b460208b350513503f0dc64de",null,1683025516000]],1683025516000,78832,1683032465018,"391",56],[53889832,2.4505815018315,20,49.01163003663,120.43051892971,false,[[167391,1,"7dd1864ad04912e7fc88f0ba4cb184ac9658db08",null,1683042064000]],1683042064000,78834,1683043712593,"392",56],[53891379,2.4445215201465,20,48.890430402931,119.7549260376,false,[[167392,1,"31091c93475d4d29c78644b5ec7787e4594b28c2",null,1683051184000]],1683051184000,78835,1683055009611,"393",56],[53894414,2.4621405677656,20,49.242811355311,121.59361388059,false,[[167394,1,"0d333bfa0c2086827f7a817b05e9998e6c12827d",null,1683065354000]],1683065354000,78837,1683066388408,"394",56],[53895961,2.463298992674,20,49.26597985348,121.67775385882,false,[[167395,1,"dc63b737ed02b4c3cbe432d9c287e42a6615aa93",null,1683075513000]],1683075513000,78838,1683077757756,"395",56],[53898997,2.4305732870071,20,48.611465740142,118.37339922536,false,[[167396,1,"fa309035221a7368ed9d2e4b4a139a3169c5c36a",null,1683085631000]],1683085631000,78840,1683089037583,"396",56],[53900544,2.516132029735,20,50.322640594699,126.85016571565,false,[[167397,1,"3582444bb21b9adfe2e203f3b1a843e79a518b3b",null,1683096659000]],1683096659000,78841,1683100313231,"397",56],[53902091,2.4136372818358,20,48.272745636716,116.72821007047,false,[[167398,1,"829f91f40c1670fe538fd761b879f30354e496af",null,1683107102000]],1683107102000,78842,1683111637974,"398",56],[53905126,2.493065206852,20,49.861304137039,124.46680334758,false,[[167399,1,"c087fec8ceaaf5b5b7cd0958977fe5eb821aa046",null,1683117239000]],1683117239000,78844,1683122879947,"399",56],[53906672,2.4929722850679,20,49.859445701357,124.48485665422,false,[[167400,1,"dfa7e20546b6771eccbefc6432fcff245307f8b9",null,1683133397000]],1683133397000,78845,1683134416065,"400",56],[53909707,2.4500080801551,20,49.000161603103,120.25485522263,false,[[167402,1,"e2f320571c31401849a94f07ce06765dc4dd1e7c",null,1683142103000]],1683142103000,78847,1683146151218,"401",56],[53911253,2.4589932126697,20,49.179864253394,121.23815270104,false,[[167403,1,"273d78edc0aec695b593b815edf1527eed076d42",null,1683152141000]],1683152141000,78848,1683158136091,"402",56],[53914289,2.449333387201,20,48.986667744021,120.18924609959,false,[[167405,1,"79afd6bfac3990e7403d1067219ff46697987e09",null,1683166099000]],1683166099000,78850,1683169418335,"403",56],[53915836,2.4576923076923,20,49.153846153846,121.26543914533,false,[[167406,1,"1116cdd2710a182d19d7b473b5ffe7aca5791df7",null,1683177567000]],1683177567000,78851,1683180713277,"404",56],[53918872,2.5084134615385,20,50.168269230769,126.15736214267,false,[[167407,1,"43462ae5ceb50233a642bf1ebca271d325a5de72",null,1683190875000]],1683190875000,78853,1683192104215,"405",56],[53920418,2.4800763574661,20,49.601527149321,123.16722103532,false,[[167408,1,"d169631fd7fa8bbd72eba802183b43b4f2df53e2",null,1683198460000]],1683198460000,78854,1683203388387,"406",56],[53923455,2.5265535444947,20,50.531070889894,127.84099529965,false,[[167409,1,"82faeb56882ce53ee0f979087645c0cbfa5db2bf",null,1683210350000]],1683210350000,78856,1683214694705,"407",56],[53925002,2.4623545572075,20,49.24709114415,121.57918570644,false,[[167410,1,"4a2df13be2253f64d8da58b794d74347a3742652",null,1683220876000]],1683220876000,78857,1683226425480,"408",56],[53926549,2.4878898674855,20,49.757797349709,124.00715496073,false,[[167411,1,"1f2261656aa215fbf8d4acde1d2986a6f205c5ce",null,1683234621000]],1683234621000,78858,1683237842195,"409",56],[53929585,2.406775210084,20,48.135504201681,115.99749366658,false,[[167413,1,"b0c2aefc487917922ce0467c10d0a4da39b7b67a",null,1683244864000]],1683244864000,78860,1683249159667,"410",56],[53931131,2.4459053813833,20,48.918107627667,119.80986854203,false,[[167414,1,"237442dfbbc2a48cccdcc8b7a27b17ed847a4301",null,1683254292000]],1683254292000,78861,1683260429116,"411",56],[53934168,2.45566822883,20,49.1133645766,120.76550700336,false,[[167416,1,"7c123c5201f1cdc9d552fae30bbf412c5d45d3f6",null,1683269651000]],1683269651000,78863,1683271833600,"412",56],[53937203,2.4565706474898,20,49.131412949795,120.92577710282,false,[[167417,1,"56d72f8919459362e429e89f783abb33e32d8709",null,1683293789000]],1683293789000,78865,1683294275458,"413",56],[53938750,2.4629100678733,20,49.258201357466,121.47208441711,false,[[167418,1,"3a9fba1a0f45a422ca23ce9f157a576e938925ed",null,1683302540000]],1683302540000,78866,1683305573310,"414",56],[53941787,2.4865667420814,20,49.731334841629,123.92866987771,false,[[167420,1,"ee57472bbda11ac4b56c3022f616b6d049c8716a",null,1683314250000]],1683314250000,78868,1683317247585,"415",56],[53943333,2.438125,20,48.7625,119.29379160503,false,[[167421,1,"70ac6881106acd3f50495761cb91bfcebceb5acf",null,