{"clusterStart":946684800000,"clusterSize":5184000000,"configurations":{"current":[[53847085,1673.7642105263,20,33475.284210526,56076815.375651,false,[[167369,1,"aa760bb43f07c2c561c99928b1dea51513fd4720",null,1682797324000]],1682797324000,78806,1682804415441,"374",56],[53850121,1653.598245614,20,33071.964912281,54756143.826931,false,[[167371,1,"347a3c86979f5d5873d85587fa1d7e78b75106ec",null,1682816530000]],1682816530000,78808,1682817217647,"375",56],[53851667,1630.0831578947,20,32601.663157895,53801810.448824,false,[[167372,1,"b6e0a72bbf0a1a33ab4d3c6d6f58897dd2ba9c94",null,1682829570000]],1682829570000,78809,1682830283618,"376",56],[53854703,1639.2914160401,20,32785.828320802,54509968.03005,false,[[167373,1,"ab0f8a142a9441282025b9a77c4c37cf453a794b",null,1682842826000]],1682842826000,78811,1682845317170,"377",56],[53857740,1640.4055827068,20,32808.111654135,54482833.670942,false,[[167374,1,"2c273978ff638f8499aeae96669dab48628f472f",null,1682867280000]],1682867280000,78813,1682867706708,"378",56],[53859287,1666.4871428571,20,33329.742857143,55572224.555488,false,[[167375,1,"d1a6662b8718a56adebfca3e9e79871810a0353d",null,1682874164000]],1682874164000,78814,1682879005563,"379",56],[53862324,1688.7878070175,20,33775.756140351,57145219.73169,false,[[167376,1,"aad6f77b647edba28f9e192346076d2922841a0d",null,1682886049000]],1682886049000,78816,1682890264656,"380",56],[53863870,1624.1596929825,20,32483.193859649,53528994.642551,false,[[167377,1,"231e2671c75e017d86898fcdb1f3e9c1c88de9ac",null,1682894726000]],1682894726000,78817,1682901492350,"381",56],[53866905,1642.2697368421,20,32845.394736842,53992560.391514,false,[[167378,1,"7a82d30fc628c316d55262d810c6e1becca57529",null,1682904779000]],1682904779000,78819,1682912731933,"382",56],[53868451,1648.4240350877,20,32968.480701754,54401317.701202,false,[[167379,1,"f8114a2611771cb3a17bf3a58ac91d789bf220a5",null,1682921733000]],1682921733000,78820,1682924023264,"383",56],[53871487,1654.9895175439,20,33099.790350877,54865917.73551,false,[[167380,1,"35e9da7ba14a3fd154f864612ebc41bab9944431",null,1682949169000]],1682949169000,78822,1682949625155,"384",56],[53873034,1691.7057017544,20,33834.114035088,57359272.245789,false,[[167381,1,"9e4f68885457c1b436d6e9b0879b4988ab979199",null,1682959319000]],1682959319000,78823,1682960890035,"385",56],[53876070,1645.3843734336,20,32907.687468672,54200490.244026,false,[[167383,1,"3c196c2fc5f5f77809f7cfaea483fdd9e0af1559",null,1682965932000]],1682965932000,78825,1682972229333,"386",56],[53877616,1601.6012719298,20,32032.025438596,52045263.814588,false,[[167384,1,"d7c47eb0fa1b4c91acc3bfe414f3dfaab0a174e0",null,1682979316000]],1682979316000,78826,1682983499163,"387",56],[53880653,1688.4688157895,20,33769.376315789,57191809.5862,false,[[167386,1,"51833439139b0bb53857d4342ce05b61dfde1683",null,1682993566000]],1682993566000,78828,1682994895805,"388",56],[53882200,1646.6356140351,20,32932.712280702,55079214.244684,false,[[167387,1,"052608b03fab861cf29e5e402e04fd67b3c1ba5f",null,1683007999000]],1683007999000,78829,1683009931604,"389",56],[53885237,1660.038245614,20,33200.764912281,55141824.313727,false,[[167388,1,"125d5fe589bd7f8519db69abc80735a1b55280aa",null,1683019220000]],1683019220000,78831,1683021213728,"390",56],[53886783,1675.8275438596,20,33516.550877193,56261765.499086,false,[[167389,1,"6de3806237c93f2b460208b350513503f0dc64de",null,1683025516000]],1683025516000,78832,1683032465018,"391",56],[53889820,1635.6325730994,20,32712.651461988,53559088.411942,false,[[167391,1,"7dd1864ad04912e7fc88f0ba4cb184ac9658db08",null,1683042064000]],1683042064000,78834,1683043712593,"392",56],[53891367,1626.3382894737,20,32526.765789474,53515499.165152,false,[[167392,1,"31091c93475d4d29c78644b5ec7787e4594b28c2",null,1683051184000]],1683051184000,78835,1683055009611,"393",56],[53894402,1620.4876461988,20,32409.752923977,53179566.137035,false,[[167394,1,"0d333bfa0c2086827f7a817b05e9998e6c12827d",null,1683065354000]],1683065354000,78837,1683066388408,"394",56],[53895949,1647.7774122807,20,32955.548245614,54343689.78357,false,[[167395,1,"dc63b737ed02b4c3cbe432d9c287e42a6615aa93",null,1683075513000]],1683075513000,78838,1683077757756,"395",56],[53898985,1624.8872619048,20,32497.745238095,53556680.915618,false,[[167396,1,"fa309035221a7368ed9d2e4b4a139a3169c5c36a",null,1683085631000]],1683085631000,78840,1683089037583,"396",56],[53900532,1611.1830701754,20,32223.661403509,52557714.62644,false,[[167397,1,"3582444bb21b9adfe2e203f3b1a843e79a518b3b",null,1683096659000]],1683096659000,78841,1683100313231,"397",56],[53902079,1682.3314912281,20,33646.629824561,56679136.813356,false,[[167398,1,"829f91f40c1670fe538fd761b879f30354e496af",null,1683107102000]],1683107102000,78842,1683111637974,"398",56],[53905114,1656.2070175439,20,33124.140350877,54903416.294448,false,[[167399,1,"c087fec8ceaaf5b5b7cd0958977fe5eb821aa046",null,1683117239000]],1683117239000,78844,1683122879947,"399",56],[53906660,1682.7707894737,20,33655.415789474,56674321.393563,false,[[167400,1,"dfa7e20546b6771eccbefc6432fcff245307f8b9",null,1683133397000]],1683133397000,78845,1683134416065,"400",56],[53909695,1684.4637719298,20,33689.275438596,56802096.257125,false,[[167402,1,"e2f320571c31401849a94f07ce06765dc4dd1e7c",null,1683142103000]],1683142103000,78847,1683146151218,"401",56],[53911241,1645.153320802,20,32903.06641604,55574132.835624,false,[[167403,1,"273d78edc0aec695b593b815edf1527eed076d42",null,1683152141000]],1683152141000,78848,1683158136091,"402",56],[53914277,1711.1076608187,20,34222.153216374,58599036.781921,false,[[167405,1,"79afd6bfac3990e7403d1067219ff46697987e09",null,1683166099000]],1683166099000,78850,1683169418335,"403",56],[53915824,1752.1995175439,20,35043.990350877,61464619.383308,false,[[167406,1,"1116cdd2710a182d19d7b473b5ffe7aca5791df7",null,1683177567000]],1683177567000,78851,1683180713277,"404",56],[53918860,1692.0274122807,20,33840.548245614,58035524.014294,false,[[167407,1,"43462ae5ceb50233a642bf1ebca271d325a5de72",null,1683190875000]],1683190875000,78853,1683192104215,"405",56],[53920406,1699.4379678363,20,33988.759356725,57781184.336825,false,[[167408,1,"d169631fd7fa8bbd72eba802183b43b4f2df53e2",null,1683198460000]],1683198460000,78854,1683203388387,"406",56],[53923443,1743.3775877193,20,34867.551754386,60864713.265041,false,[[167409,1,"82faeb56882ce53ee0f979087645c0cbfa5db2bf",null,1683210350000]],1683210350000,78856,1683214694705,"407",56],[53924990,1670.8924122807,20,33417.848245614,56636395.437986,false,[[167410,1,"4a2df13be2253f64d8da58b794d74347a3742652",null,1683220876000]],1683220876000,78857,1683226425480,"408",56],[53926537,1647.9814912281,20,32959.629824561,54375027.101082,false,[[167411,1,"1f2261656aa215fbf8d4acde1d2986a6f205c5ce",null,1683234621000]],1683234621000,78858,1683237842195,"409",56],[53929573,1663.1592857143,20,33263.185714286,55360339.929365,false,[[167413,1,"b0c2aefc487917922ce0467c10d0a4da39b7b67a",null,1683244864000]],1683244864000,78860,1683249159667,"410",56],[53931119,1662.0336403509,20,33240.672807018,55297277.506444,false,[[167414,1,"237442dfbbc2a48cccdcc8b7a27b17ed847a4301",null,1683254292000]],1683254292000,78861,1683260429116,"411",56],[53934156,1606.6401754386,20,32132.803508772,52185153.067207,false,[[167416,1,"7c123c5201f1cdc9d552fae30bbf412c5d45d3f6",null,1683269651000]],1683269651000,78863,1683271833600,"412",56],[53937191,1639.1303508772,20,32782.607017544,53781845.258193,false,[[167417,1,"56d72f8919459362e429e89f783abb33e32d8709",null,1683293789000]],1683293789000,78865,1683294275458,"413",56],[53938738,1629.5177192982,20,32590.354385965,53147941.154269,false,[[167418,1,"3a9fba1a0f45a422ca23ce9f157a576e938925ed",null,1683302540000]],1683302540000,78866,1683305573310,"414",56],[53941775,1659.4279385965,20,33188.55877193,55106824.381858,false,[[167420,1,"ee57472bbda11ac4b56c3022f616b6d049c8716a",null,1683314250000]],1683314250000,78868,1683317247585,"415",56],[53943321,1605.9342105263,20,32118.684210526,52203005.352952,false,[[167421,1,