{"clusterStart":946684800000,"clusterSize":5184000000,"configurations":{"current":[[53847082,16.344166666667,20,326.88333333333,5350.6508333333,false,[[167369,1,"aa760bb43f07c2c561c99928b1dea51513fd4720",null,1682797324000]],1682797324000,78806,1682804415441,"374",56],[53850118,16.929523809524,20,338.59047619048,5735.4616780045,false,[[167371,1,"347a3c86979f5d5873d85587fa1d7e78b75106ec",null,1682816530000]],1682816530000,78808,1682817217647,"375",56],[53851664,15.855119047619,20,317.10238095238,5032.3240306123,false,[[167372,1,"b6e0a72bbf0a1a33ab4d3c6d6f58897dd2ba9c94",null,1682829570000]],1682829570000,78809,1682830283618,"376",56],[53854700,16.027023809524,20,320.54047619048,5140.0774886621,false,[[167373,1,"ab0f8a142a9441282025b9a77c4c37cf453a794b",null,1682842826000]],1682842826000,78811,1682845317170,"377",56],[53857737,16.106190476191,20,322.12380952381,5191.9314399094,false,[[167374,1,"2c273978ff638f8499aeae96669dab48628f472f",null,1682867280000]],1682867280000,78813,1682867706708,"378",56],[53859284,16.029761904762,20,320.59523809524,5147.9095351474,false,[[167375,1,"d1a6662b8718a56adebfca3e9e79871810a0353d",null,1682874164000]],1682874164000,78814,1682879005563,"379",56],[53862321,15.833928571429,20,316.67857142857,5018.6079648526,false,[[167376,1,"aad6f77b647edba28f9e192346076d2922841a0d",null,1682886049000]],1682886049000,78816,1682890264656,"380",56],[53863867,15.927738095238,20,318.55476190476,5077.7227721088,false,[[167377,1,"231e2671c75e017d86898fcdb1f3e9c1c88de9ac",null,1682894726000]],1682894726000,78817,1682901492350,"381",56],[53866902,16.0475,20,320.95,5154.0071712018,false,[[167378,1,"7a82d30fc628c316d55262d810c6e1becca57529",null,1682904779000]],1682904779000,78819,1682912731933,"382",56],[53868448,16.103452380952,20,322.06904761905,5190.4783163266,false,[[167379,1,"f8114a2611771cb3a17bf3a58ac91d789bf220a5",null,1682921733000]],1682921733000,78820,1682924023264,"383",56],[53871484,16.071547619048,20,321.43095238095,5169.3710941043,false,[[167380,1,"35e9da7ba14a3fd154f864612ebc41bab9944431",null,1682949169000]],1682949169000,78822,1682949625155,"384",56],[53873031,16.104285714286,20,322.08571428571,5193.4369274377,false,[[167381,1,"9e4f68885457c1b436d6e9b0879b4988ab979199",null,1682959319000]],1682959319000,78823,1682960890035,"385",56],[53876067,15.879642857143,20,317.59285714286,5048.832590703,false,[[167383,1,"3c196c2fc5f5f77809f7cfaea483fdd9e0af1559",null,1682965932000]],1682965932000,78825,1682972229333,"386",56],[53877613,15.953690476191,20,319.07380952381,5095.5337811792,false,[[167384,1,"d7c47eb0fa1b4c91acc3bfe414f3dfaab0a174e0",null,1682979316000]],1682979316000,78826,1682983499163,"387",56],[53880650,15.9975,20,319.95,5124.2027607709,false,[[167386,1,"51833439139b0bb53857d4342ce05b61dfde1683",null,1682993566000]],1682993566000,78828,1682994895805,"388",56],[53882197,16.12880952381,20,322.57619047619,5211.5267346939,false,[[167387,1,"052608b03fab861cf29e5e402e04fd67b3c1ba5f",null,1683007999000]],1683007999000,78829,1683009931604,"389",56],[53885234,15.942023809524,20,318.84047619048,5091.1017970521,false,[[167388,1,"125d5fe589bd7f8519db69abc80735a1b55280aa",null,1683019220000]],1683019220000,78831,1683021213728,"390",56],[53886780,16.295357142857,20,325.90714285715,5314.3632256237,false,[[167389,1,"6de3806237c93f2b460208b350513503f0dc64de",null,1683025516000]],1683025516000,78832,1683032465018,"391",56],[53889817,16.19,20,323.8,5245.8309750567,false,[[167391,1,"7dd1864ad04912e7fc88f0ba4cb184ac9658db08",null,1683042064000]],1683042064000,78834,1683043712593,"392",56],[53891364,16.050357142857,20,321.00714285714,5159.5980328798,false,[[167392,1,"31091c93475d4d29c78644b5ec7787e4594b28c2",null,1683051184000]],1683051184000,78835,1683055009611,"393",56],[53894399,16.287738095238,20,325.75476190476,5311.0938832199,false,[[167394,1,"0d333bfa0c2086827f7a817b05e9998e6c12827d",null,1683065354000]],1683065354000,78837,1683066388408,"394",56],[53895946,16.1125,20,322.25,5198.5044274377,false,[[167395,1,"dc63b737ed02b4c3cbe432d9c287e42a6615aa93",null,1683075513000]],1683075513000,78838,1683077757756,"395",56],[53898982,15.762976190476,20,315.25952380952,4972.1321145125,false,[[167396,1,"fa309035221a7368ed9d2e4b4a139a3169c5c36a",null,1683085631000]],1683085631000,78840,1683089037583,"396",56],[53900529,15.927976190476,20,318.55952380953,5078.9276927438,false,[[167397,1,"3582444bb21b9adfe2e203f3b1a843e79a518b3b",null,1683096659000]],1683096659000,78841,1683100313231,"397",56],[53902076,16.040952380952,20,320.81904761905,5152.6300453515,false,[[167398,1,"829f91f40c1670fe538fd761b879f30354e496af",null,1683107102000]],1683107102000,78842,1683111637974,"398",56],[53905111,16.131309523809,20,322.62619047619,5211.4380668934,false,[[167399,1,"c087fec8ceaaf5b5b7cd0958977fe5eb821aa046",null,1683117239000]],1683117239000,78844,1683122879947,"399",56],[53906657,16.060357142857,20,321.20714285714,5162.9287811791,false,[[167400,1,"dfa7e20546b6771eccbefc6432fcff245307f8b9",null,1683133397000]],1683133397000,78845,1683134416065,"400",56],[53909692,16.107023809524,20,322.14047619048,5192.5217970521,false,[[167402,1,"e2f320571c31401849a94f07ce06765dc4dd1e7c",null,1683142103000]],1683142103000,78847,1683146151218,"401",56],[53911238,16.086666666667,20,321.73333333333,5177.9033333334,false,[[167403,1,"273d78edc0aec695b593b815edf1527eed076d42",null,1683152141000]],1683152141000,78848,1683158136091,"402",56],[53914274,15.929166666667,20,318.58333333333,5082.1543480725,false,[[167405,1,"79afd6bfac3990e7403d1067219ff46697987e09",null,1683166099000]],1683166099000,78850,1683169418335,"403",56],[53915821,16.158571428571,20,323.17142857143,5234.3936054422,false,[[167406,1,"1116cdd2710a182d19d7b473b5ffe7aca5791df7",null,1683177567000]],1683177567000,78851,1683180713277,"404",56],[53918857,16.176428571429,20,323.52857142857,5240.2350340136,false,[[167407,1,"43462ae5ceb50233a642bf1ebca271d325a5de72",null,1683190875000]],1683190875000,78853,1683192104215,"405",56],[53920403,15.929047619048,20,318.58095238095,5078.9324376417,false,[[167408,1,"d169631fd7fa8bbd72eba802183b43b4f2df53e2",null,1683198460000]],1683198460000,78854,1683203388387,"406",56],[53923440,16.154166666667,20,323.08333333333,5222.4129195011,false,[[167409,1,"82faeb56882ce53ee0f979087645c0cbfa5db2bf",null,1683210350000]],1683210350000,78856,1683214694705,"407",56],[53924987,15.846190476191,20,316.92380952381,5030.6951133787,false,[[167410,1,"4a2df13be2253f64d8da58b794d74347a3742652",null,1683220876000]],1683220876000,78857,1683226425480,"408",56],[53926534,15.932142857143,20,318.64285714286,5082.2737414966,false,[[167411,1,"1f2261656aa215fbf8d4acde1d2986a6f205c5ce",null,1683234621000]],1683234621000,78858,1683237842195,"409",56],[53929570,15.74380952381,20,314.87619047619,4962.9897732427,false,[[167413,1,"b0c2aefc487917922ce0467c10d0a4da39b7b67a",null,1683244864000]],1683244864000,78860,1683249159667,"410",56],[53931116,15.876666666667,20,317.53333333333,5045.9263151928,false,[[167414,1,"237442dfbbc2a48cccdcc8b7a27b17ed847a4301",null,1683254292000]],1683254292000,78861,1683260429116,"411",56],[53934153,16.010119047619,20,320.20238095238,5130.4377947846,false,[[167416,1,"7c123c5201f1cdc9d552fae30bbf412c5d45d3f6",null,1683269651000]],1683269651000,78863,1683271833600,"412",56],[53937188,15.756547619048,20,315.13095238095,4970.327840136,false,[[167417,1,"56d72f8919459362e429e89f783abb33e32d8709",null,1683293789000]],1683293789000,78865,1683294275458,"413",56],[53938735,16.8675,20,337.35,5694.8693707483,false,[[167418,1,"3a9fba1a0f45a422ca23ce9f157a576e938925ed",null,1683302540000]],1683302540000,78866,1683305573310,"414",56],[53941772,16.129880952381,20,322.59761904762,5211.5087925171,false,[[167420,1,"ee57472bbda11ac4b56c3022f616b6d049c8716a",null,1683314250000]],1683314250000,78868,1683317247585,"415",56],[53943318,16.009642857143,20,320.19285714286,5130.0824546486,false,[[167421,1,"70ac6881106acd3f50495761cb91bfcebceb5acf",null,1683326607000]],1683326607000,78869,1683328696760,"416",56],[53944864,