{"clusterStart":946684800000,"clusterSize":5184000000,"configurations":{"current":[[53847091,39.557002645503,20,791.14005291005,31342.234127989,false,[[167369,1,"aa760bb43f07c2c561c99928b1dea51513fd4720",null,1682797324000]],1682797324000,78806,1682804415441,"374",56],[53850127,39.418347282347,20,788.36694564695,31128.207591653,false,[[167371,1,"347a3c86979f5d5873d85587fa1d7e78b75106ec",null,1682816530000]],1682816530000,78808,1682817217647,"375",56],[53851673,39.931709031709,20,798.63418063418,31911.986918683,false,[[167372,1,"b6e0a72bbf0a1a33ab4d3c6d6f58897dd2ba9c94",null,1682829570000]],1682829570000,78809,1682830283618,"376",56],[53854709,39.510606338106,20,790.21212676213,31234.881132871,false,[[167373,1,"ab0f8a142a9441282025b9a77c4c37cf453a794b",null,1682842826000]],1682842826000,78811,1682845317170,"377",56],[53857746,38.516390326662,20,770.32780653324,29684.480756105,false,[[167374,1,"2c273978ff638f8499aeae96669dab48628f472f",null,1682867280000]],1682867280000,78813,1682867706708,"378",56],[53859293,38.862102120102,20,777.24204240204,30246.946798546,false,[[167375,1,"d1a6662b8718a56adebfca3e9e79871810a0353d",null,1682874164000]],1682874164000,78814,1682879005563,"379",56],[53862330,39.276016354016,20,785.52032708033,30866.632380368,false,[[167376,1,"aad6f77b647edba28f9e192346076d2922841a0d",null,1682886049000]],1682886049000,78816,1682890264656,"380",56],[53863876,38.97259018759,20,779.4518037518,30391.018084772,false,[[167377,1,"231e2671c75e017d86898fcdb1f3e9c1c88de9ac",null,1682894726000]],1682894726000,78817,1682901492350,"381",56],[53866911,39.78709820775,20,795.74196415501,31763.614405925,false,[[167378,1,"7a82d30fc628c316d55262d810c6e1becca57529",null,1682904779000]],1682904779000,78819,1682912731933,"382",56],[53868457,40.447233525734,20,808.94467051467,32768.252879406,false,[[167379,1,"f8114a2611771cb3a17bf3a58ac91d789bf220a5",null,1682921733000]],1682921733000,78820,1682924023264,"383",56],[53871493,41.727511999273,20,834.55023998546,35009.56350116,false,[[167380,1,"35e9da7ba14a3fd154f864612ebc41bab9944431",null,1682949169000]],1682949169000,78822,1682949625155,"384",56],[53873040,40.556324561107,20,811.12649122214,32925.736548022,false,[[167381,1,"9e4f68885457c1b436d6e9b0879b4988ab979199",null,1682959319000]],1682959319000,78823,1682960890035,"385",56],[53876076,40.341431744584,20,806.82863489168,32578.893051871,false,[[167383,1,"3c196c2fc5f5f77809f7cfaea483fdd9e0af1559",null,1682965932000]],1682965932000,78825,1682972229333,"386",56],[53877622,39.91375802941,20,798.2751605882,31968.793427414,false,[[167384,1,"d7c47eb0fa1b4c91acc3bfe414f3dfaab0a174e0",null,1682979316000]],1682979316000,78826,1682983499163,"387",56],[53880659,39.93010966811,20,798.60219336219,31971.293822563,false,[[167386,1,"51833439139b0bb53857d4342ce05b61dfde1683",null,1682993566000]],1682993566000,78828,1682994895805,"388",56],[53882206,40.611521164021,20,812.23042328042,33026.314831985,false,[[167387,1,"052608b03fab861cf29e5e402e04fd67b3c1ba5f",null,1683007999000]],1683007999000,78829,1683009931604,"389",56],[53885243,38.215728993229,20,764.31457986458,29225.830714836,false,[[167388,1,"125d5fe589bd7f8519db69abc80735a1b55280aa",null,1683019220000]],1683019220000,78831,1683021213728,"390",56],[53886789,38.493905603656,20,769.87811207311,29646.211419264,false,[[167389,1,"6de3806237c93f2b460208b350513503f0dc64de",null,1683025516000]],1683025516000,78832,1683032465018,"391",56],[53889826,39.963138765421,20,799.26277530843,31983.151240997,false,[[167391,1,"7dd1864ad04912e7fc88f0ba4cb184ac9658db08",null,1683042064000]],1683042064000,78834,1683043712593,"392",56],[53891373,38.891755448255,20,777.83510896511,30305.215700413,false,[[167392,1,"31091c93475d4d29c78644b5ec7787e4594b28c2",null,1683051184000]],1683051184000,78835,1683055009611,"393",56],[53894408,40.971269893553,20,819.42539787105,33658.350272668,false,[[167394,1,"0d333bfa0c2086827f7a817b05e9998e6c12827d",null,1683065354000]],1683065354000,78837,1683066388408,"394",56],[53895955,39.716193528694,20,794.32387057387,31583.840249318,false,[[167395,1,"dc63b737ed02b4c3cbe432d9c287e42a6615aa93",null,1683075513000]],1683075513000,78838,1683077757756,"395",56],[53898991,40.509675602176,20,810.19351204351,32887.030237061,false,[[167396,1,"fa309035221a7368ed9d2e4b4a139a3169c5c36a",null,1683085631000]],1683085631000,78840,1683089037583,"396",56],[53900538,41.95026739967,20,839.00534799339,35242.755475221,false,[[167397,1,"3582444bb21b9adfe2e203f3b1a843e79a518b3b",null,1683096659000]],1683096659000,78841,1683100313231,"397",56],[53902085,39.355133712905,20,787.10267425811,31028.060747853,false,[[167398,1,"829f91f40c1670fe538fd761b879f30354e496af",null,1683107102000]],1683107102000,78842,1683111637974,"398",56],[53905120,38.595285640286,20,771.90571280571,29837.692521794,false,[[167399,1,"c087fec8ceaaf5b5b7cd0958977fe5eb821aa046",null,1683117239000]],1683117239000,78844,1683122879947,"399",56],[53906666,39.778864228364,20,795.57728456728,31666.638414925,false,[[167400,1,"dfa7e20546b6771eccbefc6432fcff245307f8b9",null,1683133397000]],1683133397000,78845,1683134416065,"400",56],[53909701,40.2729496892,20,805.45899378399,32522.18922096,false,[[167402,1,"e2f320571c31401849a94f07ce06765dc4dd1e7c",null,1683142103000]],1683142103000,78847,1683146151218,"401",56],[53911247,40.577518037518,20,811.55036075036,32994.812360272,false,[[167403,1,"273d78edc0aec695b593b815edf1527eed076d42",null,1683152141000]],1683152141000,78848,1683158136091,"402",56],[53914283,40.174581733082,20,803.49163466164,32294.020075451,false,[[167405,1,"79afd6bfac3990e7403d1067219ff46697987e09",null,1683166099000]],1683166099000,78850,1683169418335,"403",56],[53915830,38.950712946474,20,779.01425892947,30400.999633878,false,[[167406,1,"1116cdd2710a182d19d7b473b5ffe7aca5791df7",null,1683177567000]],1683177567000,78851,1683180713277,"404",56],[53918866,39.871425518926,20,797.42851037851,31900.748179499,false,[[167407,1,"43462ae5ceb50233a642bf1ebca271d325a5de72",null,1683190875000]],1683190875000,78853,1683192104215,"405",56],[53920412,39.86077017427,20,797.2154034854,31891.95326365,false,[[167408,1,"d169631fd7fa8bbd72eba802183b43b4f2df53e2",null,1683198460000]],1683198460000,78854,1683203388387,"406",56],[53923449,39.789074721575,20,795.7814944315,31742.799875242,false,[[167409,1,"82faeb56882ce53ee0f979087645c0cbfa5db2bf",null,1683210350000]],1683210350000,78856,1683214694705,"407",56],[53924996,40.470098327598,20,809.40196655197,32872.115492709,false,[[167410,1,"4a2df13be2253f64d8da58b794d74347a3742652",null,1683220876000]],1683220876000,78857,1683226425480,"408",56],[53926543,39.644240740741,20,792.88481481482,31476.356201251,false,[[167411,1,"1f2261656aa215fbf8d4acde1d2986a6f205c5ce",null,1683234621000]],1683234621000,78858,1683237842195,"409",56],[53929579,39.10010776663,20,782.00215533259,30638.19451586,false,[[167413,1,"b0c2aefc487917922ce0467c10d0a4da39b7b67a",null,1683244864000]],1683244864000,78860,1683249159667,"410",56],[53931125,39.84654965405,20,796.93099308099,31772.028947396,false,[[167414,1,"237442dfbbc2a48cccdcc8b7a27b17ed847a4301",null,1683254292000]],1683254292000,78861,1683260429116,"411",56],[53934162,39.194388481889,20,783.88776963777,30751.873488902,false,[[167416,1,"7c123c5201f1cdc9d552fae30bbf412c5d45d3f6",null,1683269651000]],1683269651000,78863,1683271833600,"412",56],[53937197,38.914166666667,20,778.28333333333,30302.057144747,false,[[167417,1,"56d72f8919459362e429e89f783abb33e32d8709",null,1683293789000]],1683293789000,78865,1683294275458,"413",56],[53938744,39.25383991009,20,785.0767982018,30872.902306979,false,[[167418,1,"3a9fba1a0f45a422ca23ce9f157a576e938925ed",null,1683302540000]],1683302540000,78866,1683305573310,"414",56],[53941781,41.046685536686,20,820.93371073371,33743.202577067,false,[[167420,1,"ee57472bbda11ac4b56c3022f616b6d049c8716a",null,1683314250000]],1683314250000,78868,1683317247585,"415",56],[53943327,41.358947256447,20,827.17894512894,34221.787107654,false,[[167421,1,"70ac6881106acd3f50495761cb91bfcebceb5acf",