{"clusterStart":946684800000,"clusterSize":5184000000,"configurations":{"current":[[53848243,66.488022922399,20,1329.760458448,88418.419997715,false,[[167369,1,"aa760bb43f07c2c561c99928b1dea51513fd4720",null,1682797324000]],1682797324000,78806,1682804415441,"374",56],[53851279,66.648651451673,20,1332.9730290335,88846.838756767,false,[[167371,1,"347a3c86979f5d5873d85587fa1d7e78b75106ec",null,1682816530000]],1682816530000,78808,1682817217647,"375",56],[53852825,66.771452345775,20,1335.4290469155,89173.478550423,false,[[167372,1,"b6e0a72bbf0a1a33ab4d3c6d6f58897dd2ba9c94",null,1682829570000]],1682829570000,78809,1682830283618,"376",56],[53855861,67.322744528389,20,1346.4548905678,90652.001275433,false,[[167373,1,"ab0f8a142a9441282025b9a77c4c37cf453a794b",null,1682842826000]],1682842826000,78811,1682845317170,"377",56],[53858899,67.340598413137,20,1346.8119682627,90700.034021275,false,[[167374,1,"2c273978ff638f8499aeae96669dab48628f472f",null,1682867280000]],1682867280000,78813,1682867706708,"378",56],[53860445,67.433369577215,20,1348.6673915443,90949.826051772,false,[[167375,1,"d1a6662b8718a56adebfca3e9e79871810a0353d",null,1682874164000]],1682874164000,78814,1682879005563,"379",56],[53863482,67.476058185342,20,1349.5211637068,91063.537210048,false,[[167376,1,"aad6f77b647edba28f9e192346076d2922841a0d",null,1682886049000]],1682886049000,78816,1682890264656,"380",56],[53865028,66.645045185389,20,1332.9009037078,88838.815148845,false,[[167377,1,"231e2671c75e017d86898fcdb1f3e9c1c88de9ac",null,1682894726000]],1682894726000,78817,1682901492350,"381",56],[53868063,66.659459231276,20,1333.1891846255,88875.808674953,false,[[167378,1,"7a82d30fc628c316d55262d810c6e1becca57529",null,1682904779000]],1682904779000,78819,1682912731933,"382",56],[53869609,66.742062372772,20,1334.8412474554,89097.765462784,false,[[167379,1,"f8114a2611771cb3a17bf3a58ac91d789bf220a5",null,1682921733000]],1682921733000,78820,1682924023264,"383",56],[53872645,66.579428064484,20,1331.5885612897,88662.105441601,false,[[167380,1,"35e9da7ba14a3fd154f864612ebc41bab9944431",null,1682949169000]],1682949169000,78822,1682949625155,"384",56],[53874192,66.795363742505,20,1335.9072748501,89237.16229965,false,[[167381,1,"9e4f68885457c1b436d6e9b0879b4988ab979199",null,1682959319000]],1682959319000,78823,1682960890035,"385",56],[53877228,66.786793401721,20,1335.7358680344,89212.456611745,false,[[167383,1,"3c196c2fc5f5f77809f7cfaea483fdd9e0af1559",null,1682965932000]],1682965932000,78825,1682972229333,"386",56],[53878774,66.576012166033,20,1331.5202433207,88653.074384608,false,[[167384,1,"d7c47eb0fa1b4c91acc3bfe414f3dfaab0a174e0",null,1682979316000]],1682979316000,78826,1682983499163,"387",56],[53881811,67.268312562092,20,1345.3662512418,90503.747949914,false,[[167386,1,"51833439139b0bb53857d4342ce05b61dfde1683",null,1682993566000]],1682993566000,78828,1682994895805,"388",56],[53883358,67.110793015633,20,1342.2158603127,90081.893708777,false,[[167387,1,"052608b03fab861cf29e5e402e04fd67b3c1ba5f",null,1683007999000]],1683007999000,78829,1683009931604,"389",56],[53886395,67.141213298777,20,1342.8242659755,90164.988063017,false,[[167388,1,"125d5fe589bd7f8519db69abc80735a1b55280aa",null,1683019220000]],1683019220000,78831,1683021213728,"390",56],[53887941,67.058578265842,20,1341.1715653168,89944.840572999,false,[[167389,1,"6de3806237c93f2b460208b350513503f0dc64de",null,1683025516000]],1683025516000,78832,1683032465018,"391",56],[53890978,66.961532228462,20,1339.2306445692,89681.15733777,false,[[167391,1,"7dd1864ad04912e7fc88f0ba4cb184ac9658db08",null,1683042064000]],1683042064000,78834,1683043712593,"392",56],[53892525,67.39617543905,20,1347.923508781,90850.890247174,false,[[167392,1,"31091c93475d4d29c78644b5ec7787e4594b28c2",null,1683051184000]],1683051184000,78835,1683055009611,"393",56],[53895560,67.280846887692,20,1345.6169377538,90537.57104854,false,[[167394,1,"0d333bfa0c2086827f7a817b05e9998e6c12827d",null,1683065354000]],1683065354000,78837,1683066388408,"394",56],[53897107,66.777509606657,20,1335.5501921331,89188.209500507,false,[[167395,1,"dc63b737ed02b4c3cbe432d9c287e42a6615aa93",null,1683075513000]],1683075513000,78838,1683077757756,"395",56],[53900143,66.500111571776,20,1330.0022314355,88454.628906781,false,[[167396,1,"fa309035221a7368ed9d2e4b4a139a3169c5c36a",null,1683085631000]],1683085631000,78840,1683089037583,"396",56],[53901690,66.218542504731,20,1324.3708500946,87705.140948627,false,[[167397,1,"3582444bb21b9adfe2e203f3b1a843e79a518b3b",null,1683096659000]],1683096659000,78841,1683100313231,"397",56],[53903237,67.496358006452,20,1349.927160129,91118.794429477,false,[[167398,1,"829f91f40c1670fe538fd761b879f30354e496af",null,1683107102000]],1683107102000,78842,1683111637974,"398",56],[53906272,67.469636282665,20,1349.3927256533,91045.415096918,false,[[167399,1,"c087fec8ceaaf5b5b7cd0958977fe5eb821aa046",null,1683117239000]],1683117239000,78844,1683122879947,"399",56],[53907818,67.666683374831,20,1353.3336674966,91580.606393368,false,[[167400,1,"dfa7e20546b6771eccbefc6432fcff245307f8b9",null,1683133397000]],1683133397000,78845,1683134416065,"400",56],[53910853,67.54851950964,20,1350.9703901928,91262.203740689,false,[[167402,1,"e2f320571c31401849a94f07ce06765dc4dd1e7c",null,1683142103000]],1683142103000,78847,1683146151218,"401",56],[53912399,66.693756897026,20,1333.8751379405,88969.725896182,false,[[167403,1,"273d78edc0aec695b593b815edf1527eed076d42",null,1683152141000]],1683152141000,78848,1683158136091,"402",56],[53915435,67.086398817754,20,1341.7279763551,90015.268788269,false,[[167405,1,"79afd6bfac3990e7403d1067219ff46697987e09",null,1683166099000]],1683166099000,78850,1683169418335,"403",56],[53916982,66.832106017453,20,1336.6421203491,89338.024946061,false,[[167406,1,"1116cdd2710a182d19d7b473b5ffe7aca5791df7",null,1683177567000]],1683177567000,78851,1683180713277,"404",56],[53920018,66.630604222009,20,1332.6120844402,88796.438555006,false,[[167407,1,"43462ae5ceb50233a642bf1ebca271d325a5de72",null,1683190875000]],1683190875000,78853,1683192104215,"405",56],[53921564,66.881107681829,20,1337.6221536366,89465.105658931,false,[[167408,1,"d169631fd7fa8bbd72eba802183b43b4f2df53e2",null,1683198460000]],1683198460000,78854,1683203388387,"406",56],[53924601,66.858990495972,20,1337.1798099194,89407.124749068,false,[[167409,1,"82faeb56882ce53ee0f979087645c0cbfa5db2bf",null,1683210350000]],1683210350000,78856,1683214694705,"407",56],[53926148,66.962084893533,20,1339.2416978707,89682.593934057,false,[[167410,1,"4a2df13be2253f64d8da58b794d74347a3742652",null,1683220876000]],1683220876000,78857,1683226425480,"408",56],[53927695,67.239233293659,20,1344.7846658732,90426.252840175,false,[[167411,1,"1f2261656aa215fbf8d4acde1d2986a6f205c5ce",null,1683234621000]],1683234621000,78858,1683237842195,"409",56],[53930731,67.298136993936,20,1345.9627398787,90585.551218489,false,[[167413,1,"b0c2aefc487917922ce0467c10d0a4da39b7b67a",null,1683244864000]],1683244864000,78860,1683249159667,"410",56],[53932277,67.272109351169,20,1345.4421870234,90515.889137037,false,[[167414,1,"237442dfbbc2a48cccdcc8b7a27b17ed847a4301",null,1683254292000]],1683254292000,78861,1683260429116,"411",56],[53935314,66.377635177057,20,1327.5527035411,88124.834798185,false,[[167416,1,"7c123c5201f1cdc9d552fae30bbf412c5d45d3f6",null,1683269651000]],1683269651000,78863,1683271833600,"412",56],[53938349,66.215516523439,20,1324.3103304688,87693.410150638,false,[[167417,1,"56d72f8919459362e429e89f783abb33e32d8709",null,1683293789000]],1683293789000,78865,1683294275458,"413",56],[53939896,67.380023683621,20,1347.6004736724,90807.079536956,false,[[167418,1,"3a9fba1a0f45a422ca23ce9f157a576e938925ed",null,1683302540000]],1683302540000,78866,1683305573310,"414",56],[53942933,67.465027293956,20,1349.3005458791,91035.451774637,false,[[167420,1,"ee57472bbda11ac4b56c3022f616b6d049c8716a",null,1683314250000]],1683314250000,78868,1683317247585,"415",56],[53944479,67.267536735204,20,1345.3507347041,90505.454782297,false,[[167421,1,